{"cameraMode":{"drawMode":0,"name":"Shaded","section":"Shading Mode"},"sceneLighting":true,"audioPlay":false,"sceneViewState":{"showFog":true,"showMaterialUpdate":false,"showSkybox":true,"showFlares":true,"showImageEffects":true,"showParticleSystems":true,"showVisualEffectGraphs":true,"m_FxEnabled":true},"in2DMode":false,"pivot":{"x":356.73919677734377,"y":250.62843322753907,"z":11.72017765045166},"rotation":{"x":0.025187747552990915,"y":-0.00540184136480093,"z":-0.00013415094872470945,"w":-0.9996752142906189},"size":275.84002685546877,"orthographic":false}