{"cameraMode":{"drawMode":0,"name":"Shaded","section":"Shading Mode"},"sceneLighting":false,"audioPlay":false,"sceneViewState":{"showFog":true,"showMaterialUpdate":false,"showSkybox":false,"showFlares":true,"showImageEffects":true,"showParticleSystems":true,"showVisualEffectGraphs":true,"m_FxEnabled":true},"in2DMode":false,"pivot":{"x":0.07585906982421875,"y":6.699999809265137,"z":-1.101619005203247},"rotation":{"x":-0.00020708193187601864,"y":0.9998239874839783,"z":0.015888944268226625,"w":0.013463827781379223},"size":13.422111511230469,"orthographic":false}