{"cameraMode":{"drawMode":0,"name":"Shaded","section":"Shading Mode"},"sceneLighting":false,"audioPlay":false,"sceneViewState":{"showFog":true,"showMaterialUpdate":false,"showSkybox":false,"showFlares":true,"showImageEffects":true,"showParticleSystems":true,"showVisualEffectGraphs":true,"m_FxEnabled":true},"in2DMode":false,"pivot":{"x":357.6885986328125,"y":124.67057037353516,"z":92.19499969482422},"rotation":{"x":-0.1743081510066986,"y":0.009745798073709011,"z":-0.0017202117014676333,"w":-0.9846528768539429},"size":114.00992584228516,"orthographic":false}