{"cameraMode":{"drawMode":0,"name":"Shaded","section":"Shading Mode"},"sceneLighting":false,"audioPlay":false,"sceneViewState":{"showFog":true,"showMaterialUpdate":false,"showSkybox":false,"showFlares":true,"showImageEffects":true,"showParticleSystems":true,"showVisualEffectGraphs":true,"m_FxEnabled":true},"in2DMode":false,"pivot":{"x":0.00036275386810302734,"y":0.6673790216445923,"z":-0.00035512447357177734},"rotation":{"x":-0.004190583247691393,"y":0.011128787882626057,"z":0.000043221247324254364,"w":0.9999606609344482},"size":0.8825520277023315,"orthographic":false}