{"cameraMode":{"drawMode":0,"name":"Shaded","section":"Shading Mode"},"sceneLighting":false,"audioPlay":false,"sceneViewState":{"showFog":true,"showMaterialUpdate":false,"showSkybox":false,"showFlares":true,"showImageEffects":true,"showParticleSystems":true,"showVisualEffectGraphs":true,"m_FxEnabled":true},"in2DMode":false,"pivot":{"x":0.006769299507141113,"y":1.1895780563354493,"z":-0.04265014827251434},"rotation":{"x":-0.004190583247691393,"y":0.011128787882626057,"z":0.000043221247324254364,"w":0.9999606609344482},"size":1.244325876235962,"orthographic":false}