{"cameraMode":{"drawMode":0,"name":"Shaded","section":"Shading Mode"},"sceneLighting":false,"audioPlay":false,"sceneViewState":{"showFog":true,"showMaterialUpdate":false,"showSkybox":false,"showFlares":true,"showImageEffects":true,"showParticleSystems":true,"showVisualEffectGraphs":true,"m_FxEnabled":true},"in2DMode":false,"pivot":{"x":1.3235812187194825,"y":1.0280189514160157,"z":-2.7096500396728517},"rotation":{"x":-0.009467469528317452,"y":0.9846550226211548,"z":-0.16518062353134156,"w":-0.05621311441063881},"size":26.519384384155275,"orthographic":false}